flow_key_id,flow_group
1000-4000_Realistic_Core,Realistic_Core
1001-4001_Realistic_Core,Realistic_Core
1002-4002_Realistic_Core,Realistic_Core
1003-4003_Realistic_Core,Realistic_Core
1004-4004_Realistic_Core,Realistic_Core
1005-4005_Realistic_Core,Realistic_Core
1006-4006_Realistic_Core,Realistic_Core
1007-4007_Realistic_Core,Realistic_Core
1008-4008_Realistic_Core,Realistic_Core
1009-4009_Realistic_Core,Realistic_Core
1010-4010_Realistic_Core,Realistic_Core
1011-4011_Realistic_Core,Realistic_Core
1012-4012_Realistic_Core,Realistic_Core
1013-4013_Realistic_Core,Realistic_Core
1014-4014_Realistic_Core,Realistic_Core
1015-4015_Realistic_Core,Realistic_Core
1016-4016_Realistic_Core,Realistic_Core
1017-4017_Realistic_Core,Realistic_Core
1018-4018_Realistic_Core,Realistic_Core
1019-4019_Realistic_Core,Realistic_Core
1020-4020_Realistic_Core,Realistic_Core
1021-4021_Realistic_Core,Realistic_Core
1022-4022_Realistic_Core,Realistic_Core
1023-4023_Realistic_Core,Realistic_Core
1024-4024_Realistic_Core,Realistic_Core
1025-4025_Realistic_Core,Realistic_Core
1026-4026_Realistic_Core,Realistic_Core
1027-4027_Realistic_Core,Realistic_Core
1028-4028_Realistic_Core,Realistic_Core
1029-4029_Realistic_Core,Realistic_Core
1030-4030_Realistic_Core,Realistic_Core
1031-4031_Realistic_Core,Realistic_Core
1032-4032_Realistic_Core,Realistic_Core
1033-4033_Realistic_Core,Realistic_Core
1034-4034_Realistic_Core,Realistic_Core
1035-4035_Realistic_Core,Realistic_Core
1036-4036_Realistic_Core,Realistic_Core
1037-4037_Realistic_Core,Realistic_Core
1038-4038_Realistic_Core,Realistic_Core
1039-4039_Realistic_Core,Realistic_Core
1040-4040_Realistic_Core,Realistic_Core
1041-4041_Realistic_Core,Realistic_Core
1042-4042_Realistic_Core,Realistic_Core
1043-4043_Realistic_Core,Realistic_Core
1044-4044_Realistic_Core,Realistic_Core
1045-4045_Realistic_Core,Realistic_Core
1046-4046_Realistic_Core,Realistic_Core
1047-4047_Realistic_Core,Realistic_Core
1048-4048_Realistic_Core,Realistic_Core
1049-4049_Realistic_Core,Realistic_Core
1050-4050_Realistic_Core,Realistic_Core
1051-4051_Realistic_Core,Realistic_Core
1052-4052_Realistic_Core,Realistic_Core
1053-4053_Realistic_Core,Realistic_Core
1054-4054_Realistic_Core,Realistic_Core
1055-4055_Realistic_Core,Realistic_Core
1056-4056_Realistic_Core,Realistic_Core
1057-4057_Realistic_Core,Realistic_Core
1058-4058_Realistic_Core,Realistic_Core
1059-4059_Realistic_Core,Realistic_Core
1060-4060_Realistic_Core,Realistic_Core
1061-4061_Realistic_Core,Realistic_Core
1062-4062_Realistic_Core,Realistic_Core
1063-4063_Realistic_Core,Realistic_Core
1064-4064_Realistic_Core,Realistic_Core
1065-4065_Realistic_Core,Realistic_Core
1066-4066_Realistic_Core,Realistic_Core
1067-4067_Realistic_Core,Realistic_Core
1068-4068_Realistic_Core,Realistic_Core
1069-4069_Realistic_Core,Realistic_Core
1070-4070_Realistic_Core,Realistic_Core
1071-4071_Realistic_Core,Realistic_Core
1072-4072_Realistic_Core,Realistic_Core
1073-4073_Realistic_Core,Realistic_Core
1074-4074_Realistic_Core,Realistic_Core
1075-4075_Realistic_Core,Realistic_Core
1076-4076_Realistic_Core,Realistic_Core
1077-4077_Realistic_Core,Realistic_Core
1078-4078_Realistic_Core,Realistic_Core
1079-4079_Realistic_Core,Realistic_Core
1080-4080_Realistic_Core,Realistic_Core
1081-4081_Realistic_Core,Realistic_Core
1082-4082_Realistic_Core,Realistic_Core
1083-4083_Realistic_Core,Realistic_Core
1084-4084_Realistic_Core,Realistic_Core
1085-4085_Realistic_Core,Realistic_Core
1086-4086_Realistic_Core,Realistic_Core
1087-4087_Realistic_Core,Realistic_Core
1088-4088_Realistic_Core,Realistic_Core
1089-4089_Realistic_Core,Realistic_Core
1090-4090_Realistic_Core,Realistic_Core
1091-4091_Realistic_Core,Realistic_Core
1092-4092_Realistic_Core,Realistic_Core
1093-4093_Realistic_Core,Realistic_Core
1094-4094_Realistic_Core,Realistic_Core
1095-4095_Realistic_Core,Realistic_Core
1096-4096_Realistic_Core,Realistic_Core
1097-4097_Realistic_Core,Realistic_Core
1098-4098_Realistic_Core,Realistic_Core
1099-4099_Realistic_Core,Realistic_Core
1100-4100_Realistic_Core,Realistic_Core
1101-4101_Realistic_Core,Realistic_Core
1102-4102_Realistic_Core,Realistic_Core
1103-4103_Realistic_Core,Realistic_Core
1104-4104_Realistic_Core,Realistic_Core
1105-4105_Realistic_Core,Realistic_Core
1106-4106_Realistic_Core,Realistic_Core
1107-4107_Realistic_Core,Realistic_Core
1108-4108_Realistic_Core,Realistic_Core
1109-4109_Realistic_Core,Realistic_Core
1110-4110_Realistic_Core,Realistic_Core
1111-4111_Realistic_Core,Realistic_Core
1112-4112_Realistic_Core,Realistic_Core
1113-4113_Realistic_Core,Realistic_Core
1114-4114_Realistic_Core,Realistic_Core
1115-4115_Realistic_Core,Realistic_Core
1116-4116_Realistic_Core,Realistic_Core
1117-4117_Realistic_Core,Realistic_Core
1118-4118_Realistic_Core,Realistic_Core
1119-4119_Realistic_Core,Realistic_Core
1120-4120_Realistic_Core,Realistic_Core
1121-4121_Realistic_Core,Realistic_Core
1122-4122_Realistic_Core,Realistic_Core
1123-4123_Realistic_Core,Realistic_Core
1124-4124_Realistic_Core,Realistic_Core
1125-4125_Realistic_Core,Realistic_Core
1126-4126_Realistic_Core,Realistic_Core
1127-4127_Realistic_Core,Realistic_Core
1128-4128_Realistic_Core,Realistic_Core
1129-4129_Realistic_Core,Realistic_Core
1130-4130_Realistic_Core,Realistic_Core
1131-4131_Realistic_Core,Realistic_Core
1132-4132_Realistic_Core,Realistic_Core
1133-4133_Realistic_Core,Realistic_Core
1134-4134_Realistic_Core,Realistic_Core
1135-4135_Realistic_Core,Realistic_Core
1136-4136_Realistic_Core,Realistic_Core
1137-4137_Realistic_Core,Realistic_Core
1138-4138_Realistic_Core,Realistic_Core
1139-4139_Realistic_Core,Realistic_Core
1140-4140_Realistic_Core,Realistic_Core
1141-4141_Realistic_Core,Realistic_Core
1142-4142_Realistic_Core,Realistic_Core
1143-4143_Realistic_Core,Realistic_Core
1144-4144_Realistic_Core,Realistic_Core
1145-4145_Realistic_Core,Realistic_Core
1146-4146_Realistic_Core,Realistic_Core
1147-4147_Realistic_Core,Realistic_Core
1148-4148_Realistic_Core,Realistic_Core
1149-4149_Realistic_Core,Realistic_Core
1150-4150_Realistic_Core,Realistic_Core
1151-4151_Realistic_Core,Realistic_Core
1152-4152_Realistic_Core,Realistic_Core
1153-4153_Realistic_Core,Realistic_Core
1154-4154_Realistic_Core,Realistic_Core
1155-4155_Realistic_Core,Realistic_Core
1156-4156_Realistic_Core,Realistic_Core
1157-4157_Realistic_Core,Realistic_Core
1158-4158_Realistic_Core,Realistic_Core
1159-4159_Realistic_Core,Realistic_Core
1160-4160_Realistic_Core,Realistic_Core
1161-4161_Realistic_Core,Realistic_Core
1162-4162_Realistic_Core,Realistic_Core
1163-4163_Realistic_Core,Realistic_Core
1164-4164_Realistic_Core,Realistic_Core
1165-4165_Realistic_Core,Realistic_Core
1166-4166_Realistic_Core,Realistic_Core
1167-4167_Realistic_Core,Realistic_Core
1168-4168_Realistic_Core,Realistic_Core
1169-4169_Realistic_Core,Realistic_Core
1170-4170_Realistic_Core,Realistic_Core
1171-4171_Realistic_Core,Realistic_Core
1172-4172_Realistic_Core,Realistic_Core
1173-4173_Realistic_Core,Realistic_Core
1174-4174_Realistic_Core,Realistic_Core
1175-4175_Realistic_Core,Realistic_Core
1176-4176_Realistic_Core,Realistic_Core
1177-4177_Realistic_Core,Realistic_Core
1178-4178_Realistic_Core,Realistic_Core
1179-4179_Realistic_Core,Realistic_Core
1180-4180_Realistic_Core,Realistic_Core
1181-4181_Realistic_Core,Realistic_Core
1182-4182_Realistic_Core,Realistic_Core
1183-4183_Realistic_Core,Realistic_Core
1184-4184_Realistic_Core,Realistic_Core
1185-4185_Realistic_Core,Realistic_Core
1186-4186_Realistic_Core,Realistic_Core
1187-4187_Realistic_Core,Realistic_Core
1188-4188_Realistic_Core,Realistic_Core
1189-4189_Realistic_Core,Realistic_Core
1190-4190_Realistic_Core,Realistic_Core
1191-4191_Realistic_Core,Realistic_Core
1192-4192_Realistic_Core,Realistic_Core
1193-4193_Realistic_Core,Realistic_Core
1194-4194_Realistic_Core,Realistic_Core
1195-4195_Realistic_Core,Realistic_Core
1196-4196_Realistic_Core,Realistic_Core
1197-4197_Realistic_Core,Realistic_Core
1198-4198_Realistic_Core,Realistic_Core
1199-4199_Realistic_Core,Realistic_Core
1200-4200_Realistic_Core,Realistic_Core
1201-4201_Realistic_Core,Realistic_Core
1202-4202_Realistic_Core,Realistic_Core
1203-4203_Realistic_Core,Realistic_Core
1204-4204_Realistic_Core,Realistic_Core
1205-4205_Realistic_Core,Realistic_Core
1206-4206_Realistic_Core,Realistic_Core
1207-4207_Realistic_Core,Realistic_Core
1208-4208_Realistic_Core,Realistic_Core
1209-4209_Realistic_Core,Realistic_Core
1210-4210_Realistic_Core,Realistic_Core
1211-4211_Realistic_Core,Realistic_Core
1212-4212_Realistic_Core,Realistic_Core
1213-4213_Realistic_Core,Realistic_Core
1214-4214_Realistic_Core,Realistic_Core
1215-4215_Realistic_Core,Realistic_Core
1216-4216_Realistic_Core,Realistic_Core
1217-4217_Realistic_Core,Realistic_Core
1218-4218_Realistic_Core,Realistic_Core
1219-4219_Realistic_Core,Realistic_Core
1220-4220_Realistic_Core,Realistic_Core
1221-4221_Realistic_Core,Realistic_Core
1222-4222_Realistic_Core,Realistic_Core
1223-4223_Realistic_Core,Realistic_Core
1224-4224_Realistic_Core,Realistic_Core
1225-4225_Realistic_Core,Realistic_Core
1226-4226_Realistic_Core,Realistic_Core
1227-4227_Realistic_Core,Realistic_Core
1228-4228_Realistic_Core,Realistic_Core
1229-4229_Realistic_Core,Realistic_Core
1230-4230_Realistic_Core,Realistic_Core
1231-4231_Realistic_Core,Realistic_Core
1232-4232_Realistic_Core,Realistic_Core
1233-4233_Realistic_Core,Realistic_Core
1234-4234_Realistic_Core,Realistic_Core
1235-4235_Realistic_Core,Realistic_Core
1236-4236_Realistic_Core,Realistic_Core
1237-4237_Realistic_Core,Realistic_Core
1238-4238_Realistic_Core,Realistic_Core
1239-4239_Realistic_Core,Realistic_Core
1240-4240_Realistic_Core,Realistic_Core
1241-4241_Realistic_Core,Realistic_Core
1242-4242_Realistic_Core,Realistic_Core
1243-4243_Realistic_Core,Realistic_Core
1244-4244_Realistic_Core,Realistic_Core
1245-4245_Realistic_Core,Realistic_Core
1246-4246_Realistic_Core,Realistic_Core
1247-4247_Realistic_Core,Realistic_Core
1248-4248_Realistic_Core,Realistic_Core
1249-4249_Realistic_Core,Realistic_Core
1250-4250_Realistic_Core,Realistic_Core
1251-4251_Realistic_Core,Realistic_Core
1252-4252_Realistic_Core,Realistic_Core
1253-4253_Realistic_Core,Realistic_Core
1254-4254_Realistic_Core,Realistic_Core
1255-4255_Realistic_Core,Realistic_Core
1256-4256_Realistic_Core,Realistic_Core
1257-4257_Realistic_Core,Realistic_Core
1258-4258_Realistic_Core,Realistic_Core
1259-4259_Realistic_Core,Realistic_Core
1260-4260_Realistic_Core,Realistic_Core
1261-4261_Realistic_Core,Realistic_Core
1262-4262_Realistic_Core,Realistic_Core
1263-4263_Realistic_Core,Realistic_Core
1264-4264_Realistic_Core,Realistic_Core
1265-4265_Realistic_Core,Realistic_Core
1266-4266_Realistic_Core,Realistic_Core
1267-4267_Realistic_Core,Realistic_Core
1268-4268_Realistic_Core,Realistic_Core
1269-4269_Realistic_Core,Realistic_Core
1270-4270_Realistic_Core,Realistic_Core
1271-4271_Realistic_Core,Realistic_Core
1272-4272_Realistic_Core,Realistic_Core
1273-4273_Realistic_Core,Realistic_Core
1274-4274_Realistic_Core,Realistic_Core
1275-4275_Realistic_Core,Realistic_Core
1276-4276_Realistic_Core,Realistic_Core
1277-4277_Realistic_Core,Realistic_Core
1278-4278_Realistic_Core,Realistic_Core
1279-4279_Realistic_Core,Realistic_Core
1280-4280_Realistic_Core,Realistic_Core
1281-4281_Realistic_Core,Realistic_Core
1282-4282_Realistic_Core,Realistic_Core
1283-4283_Realistic_Core,Realistic_Core
1284-4284_Realistic_Core,Realistic_Core
1285-4285_Realistic_Core,Realistic_Core
1286-4286_Realistic_Core,Realistic_Core
1287-4287_Realistic_Core,Realistic_Core
1288-4288_Realistic_Core,Realistic_Core
1289-4289_Realistic_Core,Realistic_Core
1290-4290_Realistic_Core,Realistic_Core
1291-4291_Realistic_Core,Realistic_Core
1292-4292_Realistic_Core,Realistic_Core
1293-4293_Realistic_Core,Realistic_Core
1294-4294_Realistic_Core,Realistic_Core
1295-4295_Realistic_Core,Realistic_Core
1296-4296_Realistic_Core,Realistic_Core
1297-4297_Realistic_Core,Realistic_Core
1298-4298_Realistic_Core,Realistic_Core
1299-4299_Realistic_Core,Realistic_Core
1300-4300_Realistic_Core,Realistic_Core
1301-4301_Realistic_Core,Realistic_Core
1302-4302_Realistic_Core,Realistic_Core
1303-4303_Realistic_Core,Realistic_Core
1304-4304_Realistic_Core,Realistic_Core
1305-4305_Realistic_Core,Realistic_Core
1306-4306_Realistic_Core,Realistic_Core
1307-4307_Realistic_Core,Realistic_Core
1308-4308_Realistic_Core,Realistic_Core
1309-4309_Realistic_Core,Realistic_Core
1310-4310_Realistic_Core,Realistic_Core
1311-4311_Realistic_Core,Realistic_Core
1312-4312_Realistic_Core,Realistic_Core
1313-4313_Realistic_Core,Realistic_Core
1314-4314_Realistic_Core,Realistic_Core
1315-4315_Realistic_Core,Realistic_Core
1316-4316_Realistic_Core,Realistic_Core
1317-4317_Realistic_Core,Realistic_Core
1318-4318_Realistic_Core,Realistic_Core
1319-4319_Realistic_Core,Realistic_Core
1320-4320_Realistic_Core,Realistic_Core
1321-4321_Realistic_Core,Realistic_Core
1322-4322_Realistic_Core,Realistic_Core
1323-4323_Realistic_Core,Realistic_Core
1324-4324_Realistic_Core,Realistic_Core
1325-4325_Realistic_Core,Realistic_Core
1326-4326_Realistic_Core,Realistic_Core
1327-4327_Realistic_Core,Realistic_Core
1328-4328_Realistic_Core,Realistic_Core
1329-4329_Realistic_Core,Realistic_Core
1330-4330_Realistic_Core,Realistic_Core
1331-4331_Realistic_Core,Realistic_Core
1332-4332_Realistic_Core,Realistic_Core
1333-4333_Realistic_Core,Realistic_Core
1000-4000_Bursty_Daily,Bursty_Daily
1001-4001_Bursty_Daily,Bursty_Daily
1002-4002_Bursty_Daily,Bursty_Daily
1003-4003_Bursty_Daily,Bursty_Daily
1004-4004_Bursty_Daily,Bursty_Daily
1005-4005_Bursty_Daily,Bursty_Daily
1006-4006_Bursty_Daily,Bursty_Daily
1007-4007_Bursty_Daily,Bursty_Daily
1008-4008_Bursty_Daily,Bursty_Daily
1009-4009_Bursty_Daily,Bursty_Daily
1010-4010_Bursty_Daily,Bursty_Daily
1011-4011_Bursty_Daily,Bursty_Daily
1012-4012_Bursty_Daily,Bursty_Daily
1013-4013_Bursty_Daily,Bursty_Daily
1014-4014_Bursty_Daily,Bursty_Daily
1015-4015_Bursty_Daily,Bursty_Daily
1016-4016_Bursty_Daily,Bursty_Daily
1017-4017_Bursty_Daily,Bursty_Daily
1018-4018_Bursty_Daily,Bursty_Daily
1019-4019_Bursty_Daily,Bursty_Daily
1020-4020_Bursty_Daily,Bursty_Daily
1021-4021_Bursty_Daily,Bursty_Daily
1022-4022_Bursty_Daily,Bursty_Daily
1023-4023_Bursty_Daily,Bursty_Daily
1024-4024_Bursty_Daily,Bursty_Daily
1025-4025_Bursty_Daily,Bursty_Daily
1026-4026_Bursty_Daily,Bursty_Daily
1027-4027_Bursty_Daily,Bursty_Daily
1028-4028_Bursty_Daily,Bursty_Daily
1029-4029_Bursty_Daily,Bursty_Daily
1030-4030_Bursty_Daily,Bursty_Daily
1031-4031_Bursty_Daily,Bursty_Daily
1032-4032_Bursty_Daily,Bursty_Daily
1033-4033_Bursty_Daily,Bursty_Daily
1034-4034_Bursty_Daily,Bursty_Daily
1035-4035_Bursty_Daily,Bursty_Daily
1036-4036_Bursty_Daily,Bursty_Daily
1037-4037_Bursty_Daily,Bursty_Daily
1038-4038_Bursty_Daily,Bursty_Daily
1039-4039_Bursty_Daily,Bursty_Daily
1040-4040_Bursty_Daily,Bursty_Daily
1041-4041_Bursty_Daily,Bursty_Daily
1042-4042_Bursty_Daily,Bursty_Daily
1043-4043_Bursty_Daily,Bursty_Daily
1044-4044_Bursty_Daily,Bursty_Daily
1045-4045_Bursty_Daily,Bursty_Daily
1046-4046_Bursty_Daily,Bursty_Daily
1047-4047_Bursty_Daily,Bursty_Daily
1048-4048_Bursty_Daily,Bursty_Daily
1049-4049_Bursty_Daily,Bursty_Daily
1050-4050_Bursty_Daily,Bursty_Daily
1051-4051_Bursty_Daily,Bursty_Daily
1052-4052_Bursty_Daily,Bursty_Daily
1053-4053_Bursty_Daily,Bursty_Daily
1054-4054_Bursty_Daily,Bursty_Daily
1055-4055_Bursty_Daily,Bursty_Daily
1056-4056_Bursty_Daily,Bursty_Daily
1057-4057_Bursty_Daily,Bursty_Daily
1058-4058_Bursty_Daily,Bursty_Daily
1059-4059_Bursty_Daily,Bursty_Daily
1060-4060_Bursty_Daily,Bursty_Daily
1061-4061_Bursty_Daily,Bursty_Daily
1062-4062_Bursty_Daily,Bursty_Daily
1063-4063_Bursty_Daily,Bursty_Daily
1064-4064_Bursty_Daily,Bursty_Daily
1065-4065_Bursty_Daily,Bursty_Daily
1066-4066_Bursty_Daily,Bursty_Daily
1067-4067_Bursty_Daily,Bursty_Daily
1068-4068_Bursty_Daily,Bursty_Daily
1069-4069_Bursty_Daily,Bursty_Daily
1070-4070_Bursty_Daily,Bursty_Daily
1071-4071_Bursty_Daily,Bursty_Daily
1072-4072_Bursty_Daily,Bursty_Daily
1073-4073_Bursty_Daily,Bursty_Daily
1074-4074_Bursty_Daily,Bursty_Daily
1075-4075_Bursty_Daily,Bursty_Daily
1076-4076_Bursty_Daily,Bursty_Daily
1077-4077_Bursty_Daily,Bursty_Daily
1078-4078_Bursty_Daily,Bursty_Daily
1079-4079_Bursty_Daily,Bursty_Daily
1080-4080_Bursty_Daily,Bursty_Daily
1081-4081_Bursty_Daily,Bursty_Daily
1082-4082_Bursty_Daily,Bursty_Daily
1083-4083_Bursty_Daily,Bursty_Daily
1084-4084_Bursty_Daily,Bursty_Daily
1085-4085_Bursty_Daily,Bursty_Daily
1086-4086_Bursty_Daily,Bursty_Daily
1087-4087_Bursty_Daily,Bursty_Daily
1088-4088_Bursty_Daily,Bursty_Daily
1089-4089_Bursty_Daily,Bursty_Daily
1090-4090_Bursty_Daily,Bursty_Daily
1091-4091_Bursty_Daily,Bursty_Daily
1092-4092_Bursty_Daily,Bursty_Daily
1093-4093_Bursty_Daily,Bursty_Daily
1094-4094_Bursty_Daily,Bursty_Daily
1095-4095_Bursty_Daily,Bursty_Daily
1096-4096_Bursty_Daily,Bursty_Daily
1097-4097_Bursty_Daily,Bursty_Daily
1098-4098_Bursty_Daily,Bursty_Daily
1099-4099_Bursty_Daily,Bursty_Daily
1100-4100_Bursty_Daily,Bursty_Daily
1101-4101_Bursty_Daily,Bursty_Daily
1102-4102_Bursty_Daily,Bursty_Daily
1103-4103_Bursty_Daily,Bursty_Daily
1104-4104_Bursty_Daily,Bursty_Daily
1105-4105_Bursty_Daily,Bursty_Daily
1106-4106_Bursty_Daily,Bursty_Daily
1107-4107_Bursty_Daily,Bursty_Daily
1108-4108_Bursty_Daily,Bursty_Daily
1109-4109_Bursty_Daily,Bursty_Daily
1110-4110_Bursty_Daily,Bursty_Daily
1111-4111_Bursty_Daily,Bursty_Daily
1112-4112_Bursty_Daily,Bursty_Daily
1113-4113_Bursty_Daily,Bursty_Daily
1114-4114_Bursty_Daily,Bursty_Daily
1115-4115_Bursty_Daily,Bursty_Daily
1116-4116_Bursty_Daily,Bursty_Daily
1117-4117_Bursty_Daily,Bursty_Daily
1118-4118_Bursty_Daily,Bursty_Daily
1119-4119_Bursty_Daily,Bursty_Daily
1120-4120_Bursty_Daily,Bursty_Daily
1121-4121_Bursty_Daily,Bursty_Daily
1122-4122_Bursty_Daily,Bursty_Daily
1123-4123_Bursty_Daily,Bursty_Daily
1124-4124_Bursty_Daily,Bursty_Daily
1125-4125_Bursty_Daily,Bursty_Daily
1126-4126_Bursty_Daily,Bursty_Daily
1127-4127_Bursty_Daily,Bursty_Daily
1128-4128_Bursty_Daily,Bursty_Daily
1129-4129_Bursty_Daily,Bursty_Daily
1130-4130_Bursty_Daily,Bursty_Daily
1131-4131_Bursty_Daily,Bursty_Daily
1132-4132_Bursty_Daily,Bursty_Daily
1133-4133_Bursty_Daily,Bursty_Daily
1134-4134_Bursty_Daily,Bursty_Daily
1135-4135_Bursty_Daily,Bursty_Daily
1136-4136_Bursty_Daily,Bursty_Daily
1137-4137_Bursty_Daily,Bursty_Daily
1138-4138_Bursty_Daily,Bursty_Daily
1139-4139_Bursty_Daily,Bursty_Daily
1140-4140_Bursty_Daily,Bursty_Daily
1141-4141_Bursty_Daily,Bursty_Daily
1142-4142_Bursty_Daily,Bursty_Daily
1143-4143_Bursty_Daily,Bursty_Daily
1144-4144_Bursty_Daily,Bursty_Daily
1145-4145_Bursty_Daily,Bursty_Daily
1146-4146_Bursty_Daily,Bursty_Daily
1147-4147_Bursty_Daily,Bursty_Daily
1148-4148_Bursty_Daily,Bursty_Daily
1149-4149_Bursty_Daily,Bursty_Daily
1150-4150_Bursty_Daily,Bursty_Daily
1151-4151_Bursty_Daily,Bursty_Daily
1152-4152_Bursty_Daily,Bursty_Daily
1153-4153_Bursty_Daily,Bursty_Daily
1154-4154_Bursty_Daily,Bursty_Daily
1155-4155_Bursty_Daily,Bursty_Daily
1156-4156_Bursty_Daily,Bursty_Daily
1157-4157_Bursty_Daily,Bursty_Daily
1158-4158_Bursty_Daily,Bursty_Daily
1159-4159_Bursty_Daily,Bursty_Daily
1160-4160_Bursty_Daily,Bursty_Daily
1161-4161_Bursty_Daily,Bursty_Daily
1162-4162_Bursty_Daily,Bursty_Daily
1163-4163_Bursty_Daily,Bursty_Daily
1164-4164_Bursty_Daily,Bursty_Daily
1165-4165_Bursty_Daily,Bursty_Daily
1166-4166_Bursty_Daily,Bursty_Daily
1167-4167_Bursty_Daily,Bursty_Daily
1168-4168_Bursty_Daily,Bursty_Daily
1169-4169_Bursty_Daily,Bursty_Daily
1170-4170_Bursty_Daily,Bursty_Daily
1171-4171_Bursty_Daily,Bursty_Daily
1172-4172_Bursty_Daily,Bursty_Daily
1173-4173_Bursty_Daily,Bursty_Daily
1174-4174_Bursty_Daily,Bursty_Daily
1175-4175_Bursty_Daily,Bursty_Daily
1176-4176_Bursty_Daily,Bursty_Daily
1177-4177_Bursty_Daily,Bursty_Daily
1178-4178_Bursty_Daily,Bursty_Daily
1179-4179_Bursty_Daily,Bursty_Daily
1180-4180_Bursty_Daily,Bursty_Daily
1181-4181_Bursty_Daily,Bursty_Daily
1182-4182_Bursty_Daily,Bursty_Daily
1183-4183_Bursty_Daily,Bursty_Daily
1184-4184_Bursty_Daily,Bursty_Daily
1185-4185_Bursty_Daily,Bursty_Daily
1186-4186_Bursty_Daily,Bursty_Daily
1187-4187_Bursty_Daily,Bursty_Daily
1188-4188_Bursty_Daily,Bursty_Daily
1189-4189_Bursty_Daily,Bursty_Daily
1190-4190_Bursty_Daily,Bursty_Daily
1191-4191_Bursty_Daily,Bursty_Daily
1192-4192_Bursty_Daily,Bursty_Daily
1193-4193_Bursty_Daily,Bursty_Daily
1194-4194_Bursty_Daily,Bursty_Daily
1195-4195_Bursty_Daily,Bursty_Daily
1196-4196_Bursty_Daily,Bursty_Daily
1197-4197_Bursty_Daily,Bursty_Daily
1198-4198_Bursty_Daily,Bursty_Daily
1199-4199_Bursty_Daily,Bursty_Daily
1200-4200_Bursty_Daily,Bursty_Daily
1201-4201_Bursty_Daily,Bursty_Daily
1202-4202_Bursty_Daily,Bursty_Daily
1203-4203_Bursty_Daily,Bursty_Daily
1204-4204_Bursty_Daily,Bursty_Daily
1205-4205_Bursty_Daily,Bursty_Daily
1206-4206_Bursty_Daily,Bursty_Daily
1207-4207_Bursty_Daily,Bursty_Daily
1208-4208_Bursty_Daily,Bursty_Daily
1209-4209_Bursty_Daily,Bursty_Daily
1210-4210_Bursty_Daily,Bursty_Daily
1211-4211_Bursty_Daily,Bursty_Daily
1212-4212_Bursty_Daily,Bursty_Daily
1213-4213_Bursty_Daily,Bursty_Daily
1214-4214_Bursty_Daily,Bursty_Daily
1215-4215_Bursty_Daily,Bursty_Daily
1216-4216_Bursty_Daily,Bursty_Daily
1217-4217_Bursty_Daily,Bursty_Daily
1218-4218_Bursty_Daily,Bursty_Daily
1219-4219_Bursty_Daily,Bursty_Daily
1220-4220_Bursty_Daily,Bursty_Daily
1221-4221_Bursty_Daily,Bursty_Daily
1222-4222_Bursty_Daily,Bursty_Daily
1223-4223_Bursty_Daily,Bursty_Daily
1224-4224_Bursty_Daily,Bursty_Daily
1225-4225_Bursty_Daily,Bursty_Daily
1226-4226_Bursty_Daily,Bursty_Daily
1227-4227_Bursty_Daily,Bursty_Daily
1228-4228_Bursty_Daily,Bursty_Daily
1229-4229_Bursty_Daily,Bursty_Daily
1230-4230_Bursty_Daily,Bursty_Daily
1231-4231_Bursty_Daily,Bursty_Daily
1232-4232_Bursty_Daily,Bursty_Daily
1233-4233_Bursty_Daily,Bursty_Daily
1234-4234_Bursty_Daily,Bursty_Daily
1235-4235_Bursty_Daily,Bursty_Daily
1236-4236_Bursty_Daily,Bursty_Daily
1237-4237_Bursty_Daily,Bursty_Daily
1238-4238_Bursty_Daily,Bursty_Daily
1239-4239_Bursty_Daily,Bursty_Daily
1240-4240_Bursty_Daily,Bursty_Daily
1241-4241_Bursty_Daily,Bursty_Daily
1242-4242_Bursty_Daily,Bursty_Daily
1243-4243_Bursty_Daily,Bursty_Daily
1244-4244_Bursty_Daily,Bursty_Daily
1245-4245_Bursty_Daily,Bursty_Daily
1246-4246_Bursty_Daily,Bursty_Daily
1247-4247_Bursty_Daily,Bursty_Daily
1248-4248_Bursty_Daily,Bursty_Daily
1249-4249_Bursty_Daily,Bursty_Daily
1250-4250_Bursty_Daily,Bursty_Daily
1251-4251_Bursty_Daily,Bursty_Daily
1252-4252_Bursty_Daily,Bursty_Daily
1253-4253_Bursty_Daily,Bursty_Daily
1254-4254_Bursty_Daily,Bursty_Daily
1255-4255_Bursty_Daily,Bursty_Daily
1256-4256_Bursty_Daily,Bursty_Daily
1257-4257_Bursty_Daily,Bursty_Daily
1258-4258_Bursty_Daily,Bursty_Daily
1259-4259_Bursty_Daily,Bursty_Daily
1260-4260_Bursty_Daily,Bursty_Daily
1261-4261_Bursty_Daily,Bursty_Daily
1262-4262_Bursty_Daily,Bursty_Daily
1263-4263_Bursty_Daily,Bursty_Daily
1264-4264_Bursty_Daily,Bursty_Daily
1265-4265_Bursty_Daily,Bursty_Daily
1266-4266_Bursty_Daily,Bursty_Daily
1267-4267_Bursty_Daily,Bursty_Daily
1268-4268_Bursty_Daily,Bursty_Daily
1269-4269_Bursty_Daily,Bursty_Daily
1270-4270_Bursty_Daily,Bursty_Daily
1271-4271_Bursty_Daily,Bursty_Daily
1272-4272_Bursty_Daily,Bursty_Daily
1273-4273_Bursty_Daily,Bursty_Daily
1274-4274_Bursty_Daily,Bursty_Daily
1275-4275_Bursty_Daily,Bursty_Daily
1276-4276_Bursty_Daily,Bursty_Daily
1277-4277_Bursty_Daily,Bursty_Daily
1278-4278_Bursty_Daily,Bursty_Daily
1279-4279_Bursty_Daily,Bursty_Daily
1280-4280_Bursty_Daily,Bursty_Daily
1281-4281_Bursty_Daily,Bursty_Daily
1282-4282_Bursty_Daily,Bursty_Daily
1283-4283_Bursty_Daily,Bursty_Daily
1284-4284_Bursty_Daily,Bursty_Daily
1285-4285_Bursty_Daily,Bursty_Daily
1286-4286_Bursty_Daily,Bursty_Daily
1287-4287_Bursty_Daily,Bursty_Daily
1288-4288_Bursty_Daily,Bursty_Daily
1289-4289_Bursty_Daily,Bursty_Daily
1290-4290_Bursty_Daily,Bursty_Daily
1291-4291_Bursty_Daily,Bursty_Daily
1292-4292_Bursty_Daily,Bursty_Daily
1293-4293_Bursty_Daily,Bursty_Daily
1294-4294_Bursty_Daily,Bursty_Daily
1295-4295_Bursty_Daily,Bursty_Daily
1296-4296_Bursty_Daily,Bursty_Daily
1297-4297_Bursty_Daily,Bursty_Daily
1298-4298_Bursty_Daily,Bursty_Daily
1299-4299_Bursty_Daily,Bursty_Daily
1300-4300_Bursty_Daily,Bursty_Daily
1301-4301_Bursty_Daily,Bursty_Daily
1302-4302_Bursty_Daily,Bursty_Daily
1303-4303_Bursty_Daily,Bursty_Daily
1304-4304_Bursty_Daily,Bursty_Daily
1305-4305_Bursty_Daily,Bursty_Daily
1306-4306_Bursty_Daily,Bursty_Daily
1307-4307_Bursty_Daily,Bursty_Daily
1308-4308_Bursty_Daily,Bursty_Daily
1309-4309_Bursty_Daily,Bursty_Daily
1310-4310_Bursty_Daily,Bursty_Daily
1311-4311_Bursty_Daily,Bursty_Daily
1312-4312_Bursty_Daily,Bursty_Daily
1313-4313_Bursty_Daily,Bursty_Daily
1314-4314_Bursty_Daily,Bursty_Daily
1315-4315_Bursty_Daily,Bursty_Daily
1316-4316_Bursty_Daily,Bursty_Daily
1317-4317_Bursty_Daily,Bursty_Daily
1318-4318_Bursty_Daily,Bursty_Daily
1319-4319_Bursty_Daily,Bursty_Daily
1320-4320_Bursty_Daily,Bursty_Daily
1321-4321_Bursty_Daily,Bursty_Daily
1322-4322_Bursty_Daily,Bursty_Daily
1323-4323_Bursty_Daily,Bursty_Daily
1324-4324_Bursty_Daily,Bursty_Daily
1325-4325_Bursty_Daily,Bursty_Daily
1326-4326_Bursty_Daily,Bursty_Daily
1327-4327_Bursty_Daily,Bursty_Daily
1328-4328_Bursty_Daily,Bursty_Daily
1329-4329_Bursty_Daily,Bursty_Daily
1330-4330_Bursty_Daily,Bursty_Daily
1331-4331_Bursty_Daily,Bursty_Daily
1332-4332_Bursty_Daily,Bursty_Daily
1333-4333_Bursty_Daily,Bursty_Daily
1000-4000_High_Variance,High_Variance
1001-4001_High_Variance,High_Variance
1002-4002_High_Variance,High_Variance
1003-4003_High_Variance,High_Variance
1004-4004_High_Variance,High_Variance
1005-4005_High_Variance,High_Variance
1006-4006_High_Variance,High_Variance
1007-4007_High_Variance,High_Variance
1008-4008_High_Variance,High_Variance
1009-4009_High_Variance,High_Variance
1010-4010_High_Variance,High_Variance
1011-4011_High_Variance,High_Variance
1012-4012_High_Variance,High_Variance
1013-4013_High_Variance,High_Variance
1014-4014_High_Variance,High_Variance
1015-4015_High_Variance,High_Variance
1016-4016_High_Variance,High_Variance
1017-4017_High_Variance,High_Variance
1018-4018_High_Variance,High_Variance
1019-4019_High_Variance,High_Variance
1020-4020_High_Variance,High_Variance
1021-4021_High_Variance,High_Variance
1022-4022_High_Variance,High_Variance
1023-4023_High_Variance,High_Variance
1024-4024_High_Variance,High_Variance
1025-4025_High_Variance,High_Variance
1026-4026_High_Variance,High_Variance
1027-4027_High_Variance,High_Variance
1028-4028_High_Variance,High_Variance
1029-4029_High_Variance,High_Variance
1030-4030_High_Variance,High_Variance
1031-4031_High_Variance,High_Variance
1032-4032_High_Variance,High_Variance
1033-4033_High_Variance,High_Variance
1034-4034_High_Variance,High_Variance
1035-4035_High_Variance,High_Variance
1036-4036_High_Variance,High_Variance
1037-4037_High_Variance,High_Variance
1038-4038_High_Variance,High_Variance
1039-4039_High_Variance,High_Variance
1040-4040_High_Variance,High_Variance
1041-4041_High_Variance,High_Variance
1042-4042_High_Variance,High_Variance
1043-4043_High_Variance,High_Variance
1044-4044_High_Variance,High_Variance
1045-4045_High_Variance,High_Variance
1046-4046_High_Variance,High_Variance
1047-4047_High_Variance,High_Variance
1048-4048_High_Variance,High_Variance
1049-4049_High_Variance,High_Variance
1050-4050_High_Variance,High_Variance
1051-4051_High_Variance,High_Variance
1052-4052_High_Variance,High_Variance
1053-4053_High_Variance,High_Variance
1054-4054_High_Variance,High_Variance
1055-4055_High_Variance,High_Variance
1056-4056_High_Variance,High_Variance
1057-4057_High_Variance,High_Variance
1058-4058_High_Variance,High_Variance
1059-4059_High_Variance,High_Variance
1060-4060_High_Variance,High_Variance
1061-4061_High_Variance,High_Variance
1062-4062_High_Variance,High_Variance
1063-4063_High_Variance,High_Variance
1064-4064_High_Variance,High_Variance
1065-4065_High_Variance,High_Variance
1066-4066_High_Variance,High_Variance
1067-4067_High_Variance,High_Variance
1068-4068_High_Variance,High_Variance
1069-4069_High_Variance,High_Variance
1070-4070_High_Variance,High_Variance
1071-4071_High_Variance,High_Variance
1072-4072_High_Variance,High_Variance
1073-4073_High_Variance,High_Variance
1074-4074_High_Variance,High_Variance
1075-4075_High_Variance,High_Variance
1076-4076_High_Variance,High_Variance
1077-4077_High_Variance,High_Variance
1078-4078_High_Variance,High_Variance
1079-4079_High_Variance,High_Variance
1080-4080_High_Variance,High_Variance
1081-4081_High_Variance,High_Variance
1082-4082_High_Variance,High_Variance
1083-4083_High_Variance,High_Variance
1084-4084_High_Variance,High_Variance
1085-4085_High_Variance,High_Variance
1086-4086_High_Variance,High_Variance
1087-4087_High_Variance,High_Variance
1088-4088_High_Variance,High_Variance
1089-4089_High_Variance,High_Variance
1090-4090_High_Variance,High_Variance
1091-4091_High_Variance,High_Variance
1092-4092_High_Variance,High_Variance
1093-4093_High_Variance,High_Variance
1094-4094_High_Variance,High_Variance
1095-4095_High_Variance,High_Variance
1096-4096_High_Variance,High_Variance
1097-4097_High_Variance,High_Variance
1098-4098_High_Variance,High_Variance
1099-4099_High_Variance,High_Variance
1100-4100_High_Variance,High_Variance
1101-4101_High_Variance,High_Variance
1102-4102_High_Variance,High_Variance
1103-4103_High_Variance,High_Variance
1104-4104_High_Variance,High_Variance
1105-4105_High_Variance,High_Variance
1106-4106_High_Variance,High_Variance
1107-4107_High_Variance,High_Variance
1108-4108_High_Variance,High_Variance
1109-4109_High_Variance,High_Variance
1110-4110_High_Variance,High_Variance
1111-4111_High_Variance,High_Variance
1112-4112_High_Variance,High_Variance
1113-4113_High_Variance,High_Variance
1114-4114_High_Variance,High_Variance
1115-4115_High_Variance,High_Variance
1116-4116_High_Variance,High_Variance
1117-4117_High_Variance,High_Variance
1118-4118_High_Variance,High_Variance
1119-4119_High_Variance,High_Variance
1120-4120_High_Variance,High_Variance
1121-4121_High_Variance,High_Variance
1122-4122_High_Variance,High_Variance
1123-4123_High_Variance,High_Variance
1124-4124_High_Variance,High_Variance
1125-4125_High_Variance,High_Variance
1126-4126_High_Variance,High_Variance
1127-4127_High_Variance,High_Variance
1128-4128_High_Variance,High_Variance
1129-4129_High_Variance,High_Variance
1130-4130_High_Variance,High_Variance
1131-4131_High_Variance,High_Variance
1132-4132_High_Variance,High_Variance
1133-4133_High_Variance,High_Variance
1134-4134_High_Variance,High_Variance
1135-4135_High_Variance,High_Variance
1136-4136_High_Variance,High_Variance
1137-4137_High_Variance,High_Variance
1138-4138_High_Variance,High_Variance
1139-4139_High_Variance,High_Variance
1140-4140_High_Variance,High_Variance
1141-4141_High_Variance,High_Variance
1142-4142_High_Variance,High_Variance
1143-4143_High_Variance,High_Variance
1144-4144_High_Variance,High_Variance
1145-4145_High_Variance,High_Variance
1146-4146_High_Variance,High_Variance
1147-4147_High_Variance,High_Variance
1148-4148_High_Variance,High_Variance
1149-4149_High_Variance,High_Variance
1150-4150_High_Variance,High_Variance
1151-4151_High_Variance,High_Variance
1152-4152_High_Variance,High_Variance
1153-4153_High_Variance,High_Variance
1154-4154_High_Variance,High_Variance
1155-4155_High_Variance,High_Variance
1156-4156_High_Variance,High_Variance
1157-4157_High_Variance,High_Variance
1158-4158_High_Variance,High_Variance
1159-4159_High_Variance,High_Variance
1160-4160_High_Variance,High_Variance
1161-4161_High_Variance,High_Variance
1162-4162_High_Variance,High_Variance
1163-4163_High_Variance,High_Variance
1164-4164_High_Variance,High_Variance
1165-4165_High_Variance,High_Variance
1166-4166_High_Variance,High_Variance
1167-4167_High_Variance,High_Variance
1168-4168_High_Variance,High_Variance
1169-4169_High_Variance,High_Variance
1170-4170_High_Variance,High_Variance
1171-4171_High_Variance,High_Variance
1172-4172_High_Variance,High_Variance
1173-4173_High_Variance,High_Variance
1174-4174_High_Variance,High_Variance
1175-4175_High_Variance,High_Variance
1176-4176_High_Variance,High_Variance
1177-4177_High_Variance,High_Variance
1178-4178_High_Variance,High_Variance
1179-4179_High_Variance,High_Variance
1180-4180_High_Variance,High_Variance
1181-4181_High_Variance,High_Variance
1182-4182_High_Variance,High_Variance
1183-4183_High_Variance,High_Variance
1184-4184_High_Variance,High_Variance
1185-4185_High_Variance,High_Variance
1186-4186_High_Variance,High_Variance
1187-4187_High_Variance,High_Variance
1188-4188_High_Variance,High_Variance
1189-4189_High_Variance,High_Variance
1190-4190_High_Variance,High_Variance
1191-4191_High_Variance,High_Variance
1192-4192_High_Variance,High_Variance
1193-4193_High_Variance,High_Variance
1194-4194_High_Variance,High_Variance
1195-4195_High_Variance,High_Variance
1196-4196_High_Variance,High_Variance
1197-4197_High_Variance,High_Variance
1198-4198_High_Variance,High_Variance
1199-4199_High_Variance,High_Variance
1200-4200_High_Variance,High_Variance
1201-4201_High_Variance,High_Variance
1202-4202_High_Variance,High_Variance
1203-4203_High_Variance,High_Variance
1204-4204_High_Variance,High_Variance
1205-4205_High_Variance,High_Variance
1206-4206_High_Variance,High_Variance
1207-4207_High_Variance,High_Variance
1208-4208_High_Variance,High_Variance
1209-4209_High_Variance,High_Variance
1210-4210_High_Variance,High_Variance
1211-4211_High_Variance,High_Variance
1212-4212_High_Variance,High_Variance
1213-4213_High_Variance,High_Variance
1214-4214_High_Variance,High_Variance
1215-4215_High_Variance,High_Variance
1216-4216_High_Variance,High_Variance
1217-4217_High_Variance,High_Variance
1218-4218_High_Variance,High_Variance
1219-4219_High_Variance,High_Variance
1220-4220_High_Variance,High_Variance
1221-4221_High_Variance,High_Variance
1222-4222_High_Variance,High_Variance
1223-4223_High_Variance,High_Variance
1224-4224_High_Variance,High_Variance
1225-4225_High_Variance,High_Variance
1226-4226_High_Variance,High_Variance
1227-4227_High_Variance,High_Variance
1228-4228_High_Variance,High_Variance
1229-4229_High_Variance,High_Variance
1230-4230_High_Variance,High_Variance
1231-4231_High_Variance,High_Variance
1232-4232_High_Variance,High_Variance
1233-4233_High_Variance,High_Variance
1234-4234_High_Variance,High_Variance
1235-4235_High_Variance,High_Variance
1236-4236_High_Variance,High_Variance
1237-4237_High_Variance,High_Variance
1238-4238_High_Variance,High_Variance
1239-4239_High_Variance,High_Variance
1240-4240_High_Variance,High_Variance
1241-4241_High_Variance,High_Variance
1242-4242_High_Variance,High_Variance
1243-4243_High_Variance,High_Variance
1244-4244_High_Variance,High_Variance
1245-4245_High_Variance,High_Variance
1246-4246_High_Variance,High_Variance
1247-4247_High_Variance,High_Variance
1248-4248_High_Variance,High_Variance
1249-4249_High_Variance,High_Variance
1250-4250_High_Variance,High_Variance
1251-4251_High_Variance,High_Variance
1252-4252_High_Variance,High_Variance
1253-4253_High_Variance,High_Variance
1254-4254_High_Variance,High_Variance
1255-4255_High_Variance,High_Variance
1256-4256_High_Variance,High_Variance
1257-4257_High_Variance,High_Variance
1258-4258_High_Variance,High_Variance
1259-4259_High_Variance,High_Variance
1260-4260_High_Variance,High_Variance
1261-4261_High_Variance,High_Variance
1262-4262_High_Variance,High_Variance
1263-4263_High_Variance,High_Variance
1264-4264_High_Variance,High_Variance
1265-4265_High_Variance,High_Variance
1266-4266_High_Variance,High_Variance
1267-4267_High_Variance,High_Variance
1268-4268_High_Variance,High_Variance
1269-4269_High_Variance,High_Variance
1270-4270_High_Variance,High_Variance
1271-4271_High_Variance,High_Variance
1272-4272_High_Variance,High_Variance
1273-4273_High_Variance,High_Variance
1274-4274_High_Variance,High_Variance
1275-4275_High_Variance,High_Variance
1276-4276_High_Variance,High_Variance
1277-4277_High_Variance,High_Variance
1278-4278_High_Variance,High_Variance
1279-4279_High_Variance,High_Variance
1280-4280_High_Variance,High_Variance
1281-4281_High_Variance,High_Variance
1282-4282_High_Variance,High_Variance
1283-4283_High_Variance,High_Variance
1284-4284_High_Variance,High_Variance
1285-4285_High_Variance,High_Variance
1286-4286_High_Variance,High_Variance
1287-4287_High_Variance,High_Variance
1288-4288_High_Variance,High_Variance
1289-4289_High_Variance,High_Variance
1290-4290_High_Variance,High_Variance
1291-4291_High_Variance,High_Variance
1292-4292_High_Variance,High_Variance
1293-4293_High_Variance,High_Variance
1294-4294_High_Variance,High_Variance
1295-4295_High_Variance,High_Variance
1296-4296_High_Variance,High_Variance
1297-4297_High_Variance,High_Variance
1298-4298_High_Variance,High_Variance
1299-4299_High_Variance,High_Variance
1300-4300_High_Variance,High_Variance
1301-4301_High_Variance,High_Variance
1302-4302_High_Variance,High_Variance
1303-4303_High_Variance,High_Variance
1304-4304_High_Variance,High_Variance
1305-4305_High_Variance,High_Variance
1306-4306_High_Variance,High_Variance
1307-4307_High_Variance,High_Variance
1308-4308_High_Variance,High_Variance
1309-4309_High_Variance,High_Variance
1310-4310_High_Variance,High_Variance
1311-4311_High_Variance,High_Variance
1312-4312_High_Variance,High_Variance
1313-4313_High_Variance,High_Variance
1314-4314_High_Variance,High_Variance
1315-4315_High_Variance,High_Variance
1316-4316_High_Variance,High_Variance
1317-4317_High_Variance,High_Variance
1318-4318_High_Variance,High_Variance
1319-4319_High_Variance,High_Variance
1320-4320_High_Variance,High_Variance
1321-4321_High_Variance,High_Variance
1322-4322_High_Variance,High_Variance
1323-4323_High_Variance,High_Variance
1324-4324_High_Variance,High_Variance
1325-4325_High_Variance,High_Variance
1326-4326_High_Variance,High_Variance
1327-4327_High_Variance,High_Variance
1328-4328_High_Variance,High_Variance
1329-4329_High_Variance,High_Variance
1330-4330_High_Variance,High_Variance
1331-4331_High_Variance,High_Variance
1332-4332_High_Variance,High_Variance
1333-4333_High_Variance,High_Variance
